,season,holiday,weekday,workingday,weathersit,temp,hum,windspeed,casual,registered,cnt,month,year
0,spring,0,Monday,1,Mist + Cloudy,14.110847,80.5833,10.749882,331,654,985,January,2018
1,spring,0,Tuesday,1,Mist + Cloudy,14.902598,69.6087,16.652113,131,670,801,January,2018
2,spring,0,Wednesday,1,Clear,8.050924,43.7273,16.636703,120,1229,1349,January,2018
3,spring,0,Thursday,1,Clear,8.2,59.0435,10.739832,108,1454,1562,January,2018
4,spring,0,Friday,1,Clear,9.305237,43.6957,12.5223,82,1518,1600,January,2018
5,spring,0,Saturday,0,Clear,8.378268,51.8261,6.0008684,88,1518,1606,January,2018
6,spring,0,Sunday,0,Mist + Cloudy,8.057402,49.8696,11.304642,148,1362,1510,January,2018
7,spring,0,Monday,1,Mist + Cloudy,6.765,53.5833,17.875868,68,891,959,January,2018
8,spring,0,Tuesday,1,Clear,5.671653,43.4167,24.25065,54,768,822,January,2018
9,spring,0,Wednesday,1,Clear,6.184153,48.2917,14.958889,41,1280,1321,January,2018
10,spring,0,Thursday,1,Mist + Cloudy,6.932731,68.6364,8.182844,43,1220,1263,January,2018
11,spring,0,Friday,1,Clear,7.081807,59.9545,20.410009,25,1137,1162,January,2018
12,spring,0,Saturday,0,Clear,6.765,47.0417,20.167,38,1368,1406,January,2018
13,spring,0,Sunday,0,Clear,6.59567,53.7826,8.478716,54,1367,1421,January,2018
14,spring,0,Monday,1,Mist + Cloudy,9.566653,49.875,10.583521,222,1026,1248,January,2018
15,spring,0,Tuesday,1,Clear,9.498347,48.375,12.625011,251,953,1204,January,2018
16,spring,1,Wednesday,0,Mist + Cloudy,7.209153,53.75,12.999139,117,883,1000,January,2018
17,spring,0,Thursday,1,Mist + Cloudy,8.883347,86.1667,9.833925,9,674,683,January,2018
18,spring,0,Friday,1,Mist + Cloudy,11.979134,74.1739,13.957239,78,1572,1650,January,2018
19,spring,0,Saturday,0,Mist + Cloudy,10.728347,53.8333,13.125568,83,1844,1927,January,2018
20,spring,0,Sunday,0,Clear,7.2775,45.7083,23.667214,75,1468,1543,January,2018
21,spring,0,Monday,1,Clear,2.4243464,40.0,11.52199,93,888,981,January,2018
22,spring,0,Tuesday,1,Clear,3.9573897,43.6522,16.5222,150,836,986,January,2018
23,spring,0,Wednesday,1,Clear,3.9930433,49.1739,10.60811,86,1330,1416,January,2018
24,spring,0,Thursday,1,Mist + Cloudy,9.162598,61.6957,8.696332,186,1799,1985,January,2018
25,spring,0,Friday,1,Light Snow,8.9175,86.25,19.68795,34,472,506,January,2018
26,spring,0,Saturday,0,Clear,7.995,68.75,7.627079,15,416,431,January,2018
27,spring,0,Sunday,0,Mist + Cloudy,8.342598,79.3043,8.2611,38,1129,1167,January,2018
28,spring,0,Monday,1,Clear,8.057402,65.1739,9.739455,123,975,1098,January,2018
29,spring,0,Tuesday,1,Clear,8.877402,72.2174,4.9568342,140,956,1096,January,2018
30,spring,0,Wednesday,1,Mist + Cloudy,7.414153,60.375,12.541864,42,1459,1501,January,2018
31,spring,0,Thursday,1,Mist + Cloudy,7.879134,82.9565,3.565271,47,1313,1360,February,2018
32,spring,0,Friday,1,Mist + Cloudy,10.66,77.5417,17.708636,72,1454,1526,February,2018
33,spring,0,Saturday,0,Clear,7.665237,43.7826,18.609384,61,1489,1550,February,2018
34,spring,0,Sunday,0,Mist + Cloudy,8.663464,58.5217,8.565213,88,1620,1708,February,2018
35,spring,0,Monday,1,Mist + Cloudy,9.566653,92.9167,10.792293,100,905,1005,February,2018
36,spring,0,Tuesday,1,Clear,11.719153,56.8333,9.5006,354,1269,1623,February,2018
37,spring,0,Wednesday,1,Clear,11.138347,73.8333,3.0423561,120,1592,1712,February,2018
38,spring,0,Thursday,1,Clear,9.054153,53.7917,24.25065,64,1466,1530,February,2018
39,spring,0,Friday,1,Mist + Cloudy,5.526103,49.4783,12.652213,53,1552,1605,February,2018
40,spring,0,Saturday,0,Clear,5.918268,43.7391,14.869645,47,1491,1538,February,2018
41,spring,0,Sunday,0,Clear,7.752731,50.6364,7.27285,149,1597,1746,February,2018
42,spring,0,Monday,1,Clear,9.1225,54.4167,13.625589,288,1184,1472,February,2018
43,spring,0,Tuesday,1,Clear,12.977402,45.7391,17.479161,397,1192,1589,February,2018
44,spring,0,Wednesday,1,Clear,17.015,37.5833,27.999836,208,1705,1913,February,2018
45,spring,0,Thursday,1,Clear,10.909567,31.4348,19.522058,140,1675,1815,February,2018
46,spring,0,Friday,1,Clear,13.048701,42.3478,16.869997,218,1897,2115,February,2018
47,spring,0,Saturday,0,Clear,17.869153,50.5,15.416968,259,2216,2475,February,2018
48,spring,0,Sunday,0,Clear,21.388347,51.6667,17.749975,579,2348,2927,February,2018
49,spring,0,Monday,1,Clear,16.365847,18.7917,34.000021,532,1103,1635,February,2018
50,spring,0,Tuesday,1,Clear,11.693897,40.7826,14.956745,639,1173,1812,February,2018
51,spring,1,Wednesday,0,Mist + Cloudy,12.436653,60.5,20.625682,195,912,1107,February,2018
52,spring,0,Thursday,1,Clear,7.471102,57.7778,13.110761,74,1376,1450,February,2018
53,spring,0,Friday,1,Clear,9.091299,42.3043,6.305571,139,1778,1917,February,2018
54,spring,0,Saturday,0,Mist + Cloudy,12.121732,69.7391,16.783232,100,1707,1807,February,2018
55,spring,0,Sunday,0,Mist + Cloudy,14.938268,71.2174,23.218113,120,1341,1461,February,2018
56,spring,0,Monday,1,Clear,11.5825,53.7917,12.500257,424,1545,1969,February,2018
57,spring,0,Tuesday,1,Clear,14.082598,68.0,8.391616,694,1708,2402,February,2018
58,spring,0,Wednesday,1,Mist + Cloudy,16.698193,87.6364,19.408962,81,1365,1446,February,2018
59,spring,0,Thursday,1,Clear,10.933347,53.5,14.500475,137,1714,1851,March,2018
60,spring,0,Friday,1,Clear,13.735,44.9583,20.624811,231,1903,2134,March,2018
61,spring,0,Saturday,0,Clear,8.131653,31.8333,15.125518,123,1562,1685,March,2018
62,spring,0,Sunday,0,Mist + Cloudy,10.728347,61.0417,13.624182,214,1730,1944,March,2018
63,spring,0,Monday,1,Mist + Cloudy,15.750847,78.9167,16.875357,640,1437,2077,March,2018
64,spring,0,Tuesday,1,Mist + Cloudy,15.437402,94.8261,23.000229,114,491,605,March,2018
65,spring,0,Wednesday,1,Clear,10.731299,55.1304,22.870584,244,1628,1872,March,2018
66,spring,0,Thursday,1,Clear,11.9925,42.0833,8.08355,316,1817,2133,March,2018
67,spring,0,Friday,1,Mist + Cloudy,12.129153,77.5417,14.75005,191,1700,1891,March,2018
68,spring,0,Saturday,0,Light Snow,15.952731,0.0,17.545759,46,577,623,March,2018
69,spring,0,Sunday,0,Mist + Cloudy,12.977402,64.9565,15.60899,247,1730,1977,March,2018
70,spring,0,Monday,1,Clear,13.495847,59.4583,14.791925,724,1408,2132,March,2018
71,spring,0,Tuesday,1,Clear,15.758268,52.7391,18.130468,982,1435,2417,March,2018
72,spring,0,Wednesday,1,Clear,13.333897,49.6957,9.174042,359,1687,2046,March,2018
73,spring,0,Thursday,1,Mist + Cloudy,13.013031,65.5652,12.348703,289,1767,2056,March,2018
74,spring,0,Friday,1,Mist + Cloudy,14.973897,77.6522,13.608839,321,1871,2192,March,2018
75,spring,0,Saturday,0,Clear,17.015,60.2917,14.041793,424,2320,2744,March,2018
76,spring,0,Sunday,0,Clear,22.14,52.5217,15.478139,884,2355,3239,March,2018
77,spring,0,Monday,1,Clear,19.3725,37.9167,24.667189,1424,1693,3117,March,2018
78,spring,0,Tuesday,1,Clear,13.6325,47.375,13.917307,1047,1424,2471,March,2018
79,summer,0,Wednesday,1,Mist + Cloudy,17.647835,73.7391,19.348461,401,1676,2077,March,2018
80,summer,0,Thursday,1,Clear,18.108347,62.4583,15.12525,460,2243,2703,March,2018
81,summer,0,Friday,1,Mist + Cloudy,14.225237,83.9565,15.695487,203,1918,2121,March,2018
82,summer,0,Saturday,0,Mist + Cloudy,11.685,80.5833,16.333729,166,1699,1865,March,2018
83,summer,0,Sunday,0,Clear,10.830847,49.5,15.458575,300,1910,2210,March,2018
84,summer,0,Monday,1,Clear,10.899153,39.4167,14.041257,981,1515,2496,March,2018
85,summer,0,Tuesday,1,Mist + Cloudy,10.374763,49.3913,12.3481,472,1221,1693,March,2018
86,summer,0,Wednesday,1,Clear,10.838268,30.2174,14.217668,222,1806,2028,March,2018
87,summer,0,Thursday,1,Clear,12.4025,31.4167,15.208732,317,2108,2425,March,2018
88,summer,0,Friday,1,Mist + Cloudy,12.3,64.6667,11.583496,168,1368,1536,March,2018
89,summer,0,Saturday,0,Light Snow,11.001653,91.8333,14.582282,179,1506,1685,March,2018
90,summer,0,Sunday,0,Mist + Cloudy,12.3,68.625,17.333436,307,1920,2227,April,2018
91,summer,0,Monday,1,Mist + Cloudy,12.915,65.375,13.208782,898,1354,2252,April,2018
92,summer,0,Tuesday,1,Clear,15.511653,48.0,12.208271,1651,1598,3249,April,2018
93,summer,0,Wednesday,1,Clear,23.506653,42.625,25.833257,734,2381,3115,April,2018
94,summer,0,Thursday,1,Mist + Cloudy,16.980847,64.2083,26.000489,167,1628,1795,April,2018
95,summer,0,Friday,1,Clear,16.024153,47.0833,17.625221,413,2395,2808,April,2018
96,summer,0,Saturday,0,Clear,17.9375,60.2917,10.874904,571,2570,3141,April,2018
97,summer,0,Sunday,0,Mist + Cloudy,13.769153,83.625,15.208464,172,1299,1471,April,2018
98,summer,0,Monday,1,Mist + Cloudy,14.0425,87.75,8.916561,879,1576,2455,April,2018
99,summer,0,Tuesday,1,Mist + Cloudy,17.493347,85.75,9.833389,1188,1707,2895,April,2018
100,summer,0,Wednesday,1,Mist + Cloudy,24.421732,71.6956,21.739758,855,2493,3348,April,2018
101,summer,0,Thursday,1,Mist + Cloudy,20.6025,73.9167,18.416893,257,1777,2034,April,2018
102,summer,0,Friday,1,Mist + Cloudy,16.9125,81.9167,16.791339,209,1953,2162,April,2018
103,summer,0,Saturday,0,Clear,19.1675,54.0417,7.4169,529,2738,3267,April,2018
104,summer,1,Sunday,0,Clear,18.313347,67.125,15.167125,642,2484,3126,April,2018
105,summer,0,Monday,1,Light Snow,17.664153,88.8333,22.834136,121,674,795,April,2018
106,summer,0,Tuesday,1,Clear,18.723347,47.9583,20.334232,1558,2186,3744,April,2018
107,summer,0,Wednesday,1,Clear,21.0125,54.25,10.958989,669,2760,3429,April,2018
108,summer,0,Thursday,1,Mist + Cloudy,20.739153,66.5833,10.584057,409,2795,3204,April,2018
109,summer,0,Friday,1,Clear,24.395,61.4167,16.208975,613,3331,3944,April,2018
110,summer,0,Saturday,0,Clear,18.825847,40.7083,21.792286,745,3444,4189,April,2018
111,summer,0,Sunday,0,Mist + Cloudy,13.803347,72.9583,14.707907,177,1506,1683,April,2018
112,summer,0,Monday,1,Mist + Cloudy,18.86,88.7917,15.458575,1462,2574,4036,April,2018
113,summer,0,Tuesday,1,Mist + Cloudy,23.848347,81.0833,12.875725,1710,2481,4191,April,2018
114,summer,0,Wednesday,1,Clear,24.873347,77.6667,12.417311,773,3300,4073,April,2018
115,summer,0,Thursday,1,Clear,25.898347,72.9167,21.8755,678,3722,4400,April,2018
116,summer,0,Friday,1,Mist + Cloudy,25.42,83.5417,20.9174,547,3325,3872,April,2018
117,summer,0,Saturday,0,Mist + Cloudy,25.3175,70.0833,21.500836,569,3489,4058,April,2018
118,summer,0,Sunday,0,Clear,20.91,45.7083,16.084221,878,3717,4595,April,2018
119,summer,0,Monday,1,Clear,19.3725,50.3333,15.750025,1965,3347,5312,April,2018
120,summer,0,Tuesday,1,Mist + Cloudy,18.518347,76.2083,7.125718,1138,2213,3351,May,2018
121,summer,0,Wednesday,1,Mist + Cloudy,22.515847,73.0,12.291418,847,3554,4401,May,2018
122,summer,0,Thursday,1,Mist + Cloudy,25.283347,69.7083,22.958689,603,3848,4451,May,2018
123,summer,0,Friday,1,Mist + Cloudy,16.980847,73.7083,22.042732,255,2378,2633,May,2018
124,summer,0,Saturday,0,Clear,18.825847,44.4167,19.791264,614,3819,4433,May,2018
125,summer,0,Sunday,0,Clear,19.645847,59.0,15.292482,894,3714,4608,May,2018
126,summer,0,Monday,1,Clear,21.32,54.125,10.75015,1612,3102,4714,May,2018
127,summer,0,Tuesday,1,Clear,21.661653,63.1667,5.0007125,1401,2932,4333,May,2018
128,summer,0,Wednesday,1,Clear,21.8325,58.875,11.792,664,3698,4362,May,2018
129,summer,0,Thursday,1,Clear,21.8325,48.9167,7.749957,694,4109,4803,May,2018
130,summer,0,Friday,1,Clear,22.2425,63.2917,8.083014,550,3632,4182,May,2018
131,summer,0,Saturday,0,Clear,21.935,74.75,12.707689,695,4169,4864,May,2018
132,summer,0,Sunday,0,Mist + Cloudy,21.0125,86.3333,12.041575,692,3413,4105,May,2018
133,summer,0,Monday,1,Mist + Cloudy,21.354153,92.25,9.04165,902,2507,3409,May,2018
134,summer,0,Tuesday,1,Mist + Cloudy,23.0625,86.7083,10.249593,1582,2971,4553,May,2018
135,summer,0,Wednesday,1,Clear,23.6775,78.7917,8.500357,773,3185,3958,May,2018
136,summer,0,Thursday,1,Mist + Cloudy,23.028347,83.7917,18.582718,678,3445,4123,May,2018
137,summer,0,Friday,1,Mist + Cloudy,22.55,87.0,13.499964,536,3319,3855,May,2018
138,summer,0,Saturday,0,Mist + Cloudy,21.764153,82.9583,7.250271,735,3840,4575,May,2018
139,summer,0,Sunday,0,Clear,22.003347,71.9583,8.375871,909,4008,4917,May,2018
140,summer,0,Monday,1,Clear,24.7025,62.6667,8.08355,2258,3547,5805,May,2018
141,summer,0,Tuesday,1,Clear,24.770847,74.9583,9.916536,1576,3084,4660,May,2018
142,summer,0,Wednesday,1,Mist + Cloudy,25.898347,81.0,15.667414,836,3438,4274,May,2018
143,summer,0,Thursday,1,Mist + Cloudy,27.06,74.0833,13.875164,659,3833,4492,May,2018
144,summer,0,Friday,1,Clear,27.094153,69.625,10.333611,740,4238,4978,May,2018
145,summer,0,Saturday,0,Clear,29.041653,67.75,13.376014,758,3919,4677,May,2018
146,summer,0,Sunday,0,Clear,27.948347,65.375,16.125493,871,3808,4679,May,2018
147,summer,0,Monday,1,Clear,26.889153,72.9583,15.416164,2001,2757,4758,May,2018
148,summer,0,Tuesday,1,Clear,27.3675,81.875,14.333846,2355,2433,4788,May,2018
149,summer,1,Wednesday,0,Clear,30.066653,68.5,8.792075,1549,2549,4098,May,2018
150,summer,0,Thursday,1,Clear,31.775,63.6667,7.459043,673,3309,3982,May,2018
151,summer,0,Friday,1,Mist + Cloudy,31.330847,67.7083,13.875164,513,3461,3974,June,2018
152,summer,0,Saturday,0,Clear,29.315,30.5,19.583229,736,4232,4968,June,2018
153,summer,0,Sunday,0,Clear,25.42,35.4167,16.959107,898,4414,5312,June,2018
154,summer,0,Monday,1,Clear,26.035,45.625,8.250514,1869,3473,5342,June,2018
155,summer,0,Tuesday,1,Mist + Cloudy,26.581653,65.25,9.292364,1685,3221,4906,June,2018
156,summer,0,Wednesday,1,Clear,27.811653,60.0,8.167032,673,3875,4548,June,2018
157,summer,0,Thursday,1,Clear,29.0075,59.7917,12.583136,763,4070,4833,June,2018
158,summer,0,Friday,1,Clear,31.809153,62.2083,9.166739,676,3725,4401,June,2018
159,summer,0,Saturday,0,Mist + Cloudy,33.141653,56.8333,10.042161,563,3352,3915,June,2018
160,summer,0,Sunday,0,Clear,30.955,60.5,9.417118,815,3771,4586,June,2018
161,summer,0,Monday,1,Clear,29.725,65.4583,10.37495,1729,3237,4966,June,2018
162,summer,0,Tuesday,1,Clear,28.3925,74.7917,10.958989,1467,2993,4460,June,2018
163,summer,0,Wednesday,1,Clear,26.035,49.4583,20.45845,863,4157,5020,June,2018
164,summer,0,Thursday,1,Clear,24.770847,50.7083,18.041961,727,4164,4891,June,2018
165,summer,0,Friday,1,Clear,25.693347,47.1667,11.250104,769,4411,5180,June,2018
166,summer,0,Saturday,0,Mist + Cloudy,25.761653,68.8333,13.833557,545,3222,3767,June,2018
167,summer,0,Sunday,0,Clear,26.615847,73.5833,9.582943,863,3981,4844,June,2018
168,summer,0,Monday,1,Clear,28.563347,67.0417,8.000336,1807,3312,5119,June,2018
169,summer,0,Tuesday,1,Mist + Cloudy,28.665847,66.6667,6.834,1639,3105,4744,June,2018
170,summer,0,Wednesday,1,Mist + Cloudy,26.035,74.625,10.416825,699,3311,4010,June,2018
171,fall,0,Thursday,1,Mist + Cloudy,27.914153,77.0417,11.458675,774,4061,4835,June,2018
172,fall,0,Friday,1,Clear,30.066653,70.75,11.541554,661,3846,4507,June,2018
173,fall,0,Saturday,0,Mist + Cloudy,29.861653,70.3333,15.999868,746,4044,4790,June,2018
174,fall,0,Sunday,0,Clear,29.690847,57.3333,14.875675,969,4022,4991,June,2018
175,fall,0,Monday,1,Clear,28.495,48.3333,14.041257,1782,3420,5202,June,2018
176,fall,0,Tuesday,1,Clear,27.88,51.3333,6.3337311,1920,3385,5305,June,2018
177,fall,0,Wednesday,1,Mist + Cloudy,27.9825,65.8333,7.208396,854,3854,4708,June,2018
178,fall,0,Thursday,1,Clear,30.510847,63.4167,9.666961,732,3916,4648,June,2018
179,fall,0,Friday,1,Clear,29.861653,49.7917,17.542007,848,4377,5225,June,2018
180,fall,0,Saturday,0,Clear,28.563347,43.4167,12.415904,1027,4488,5515,June,2018
181,fall,0,Sunday,0,Clear,29.6225,39.625,6.874736,1246,4116,5362,July,2018
182,fall,0,Monday,1,Clear,30.271653,44.4583,7.709154,2204,2915,5119,July,2018
183,fall,0,Tuesday,1,Mist + Cloudy,29.383347,68.25,15.333486,2282,2367,4649,July,2018
184,fall,1,Wednesday,0,Mist + Cloudy,29.793347,63.7917,5.4591064,3065,2978,6043,July,2018
185,fall,0,Thursday,1,Clear,30.613347,59.0417,8.459286,1031,3634,4665,July,2018
186,fall,0,Friday,1,Clear,29.52,74.3333,10.042161,784,3845,4629,July,2018
187,fall,0,Saturday,0,Clear,30.75,65.125,10.6664,754,3838,4592,July,2018
188,fall,0,Sunday,0,Mist + Cloudy,29.075847,75.7917,15.083643,692,3348,4040,July,2018
189,fall,0,Monday,1,Clear,30.066653,60.9167,11.250104,1988,3348,5336,July,2018
190,fall,0,Tuesday,1,Clear,30.6475,57.8333,12.292557,1743,3138,4881,July,2018
191,fall,0,Wednesday,1,Clear,31.2625,63.5833,18.916579,723,3363,4086,July,2018
192,fall,0,Thursday,1,Clear,32.560847,55.9167,13.417018,662,3596,4258,July,2018
193,fall,0,Friday,1,Clear,30.613347,63.1667,9.790911,748,3594,4342,July,2018
194,fall,0,Saturday,0,Clear,27.914153,47.625,16.124689,888,4196,5084,July,2018
195,fall,0,Sunday,0,Clear,27.196653,59.125,12.249811,1318,4220,5538,July,2018
196,fall,0,Monday,1,Clear,28.153347,58.5,13.958914,2418,3505,5923,July,2018
197,fall,0,Tuesday,1,Clear,29.485847,60.4167,16.417211,2006,3296,5302,July,2018
198,fall,0,Wednesday,1,Clear,30.613347,65.125,14.458868,841,3617,4458,July,2018
199,fall,0,Thursday,1,Clear,31.843347,65.0417,8.7502,752,3789,4541,July,2018
200,fall,0,Friday,1,Clear,31.501653,70.7083,7.625739,644,3688,4332,July,2018
201,fall,0,Saturday,0,Mist + Cloudy,33.415,69.125,14.875407,632,3152,3784,July,2018
202,fall,0,Sunday,0,Clear,34.781653,58.0417,8.9177,562,2825,3387,July,2018
203,fall,0,Monday,1,Clear,34.815847,50.0,8.791807,987,2298,3285,July,2018
204,fall,0,Tuesday,1,Clear,34.03,55.0833,11.334457,1050,2556,3606,July,2018
205,fall,0,Wednesday,1,Clear,30.476653,75.7083,6.0841561,568,3272,3840,July,2018
206,fall,0,Thursday,1,Clear,31.638347,54.0833,13.417286,750,3840,4590,July,2018
207,fall,0,Friday,1,Clear,31.775,40.2917,12.292021,755,3901,4656,July,2018
208,fall,0,Saturday,0,Clear,31.945847,58.3333,11.958093,606,3784,4390,July,2018
209,fall,0,Sunday,0,Clear,34.371653,54.25,11.667246,670,3176,3846,July,2018
210,fall,0,Monday,1,Clear,32.970847,46.5833,11.291979,1559,2916,4475,July,2018
211,fall,0,Tuesday,1,Clear,33.039153,48.0833,11.042471,1524,2778,4302,July,2018
212,fall,0,Wednesday,1,Clear,31.638347,55.0833,10.500039,729,3537,4266,August,2018
213,fall,0,Thursday,1,Clear,32.116653,49.125,13.79195,801,4044,4845,August,2018
214,fall,0,Friday,1,Mist + Cloudy,29.998347,65.75,9.084061,467,3107,3574,August,2018
215,fall,0,Saturday,0,Mist + Cloudy,29.11,75.75,13.20905,799,3777,4576,August,2018
216,fall,0,Sunday,0,Clear,29.144153,63.0833,12.374632,1023,3843,4866,August,2018
217,fall,0,Monday,1,Mist + Cloudy,29.383347,75.5,15.29275,1521,2773,4294,August,2018
218,fall,0,Tuesday,1,Clear,30.4425,75.2917,13.499629,1298,2487,3785,August,2018
219,fall,0,Wednesday,1,Clear,31.365,59.2083,12.875725,846,3480,4326,August,2018
220,fall,0,Thursday,1,Clear,31.775,57.0417,10.125107,907,3695,4602,August,2018
221,fall,0,Friday,1,Clear,31.433347,42.4167,13.417286,884,3896,4780,August,2018
222,fall,0,Saturday,0,Clear,29.4175,42.375,11.041332,812,3980,4792,August,2018
223,fall,0,Sunday,0,Clear,29.041653,41.5,8.416607,1051,3854,4905,August,2018
224,fall,0,Monday,1,Mist + Cloudy,28.119153,72.9583,14.167418,1504,2646,4150,August,2018
225,fall,0,Tuesday,1,Mist + Cloudy,27.743347,81.75,14.916411,1338,2482,3820,August,2018
226,fall,0,Wednesday,1,Clear,27.299153,71.2083,13.999918,775,3563,4338,August,2018
227,fall,0,Thursday,1,Clear,28.734153,57.8333,15.834043,721,4004,4725,August,2018
228,fall,0,Friday,1,Clear,29.656653,57.5417,9.625689,668,4026,4694,August,2018
229,fall,0,Saturday,0,Clear,29.178347,65.4583,15.624936,639,3166,3805,August,2018
230,fall,0,Sunday,0,Mist + Cloudy,28.085,72.2917,9.333636,797,3356,4153,August,2018
231,fall,0,Monday,1,Clear,28.5975,67.4167,6.999289,1914,3277,5191,August,2018
232,fall,0,Tuesday,1,Clear,29.144153,77.0,16.666518,1249,2624,3873,August,2018
233,fall,0,Wednesday,1,Clear,28.358347,47.0,18.54225,833,3925,4758,August,2018
234,fall,0,Thursday,1,Clear,26.274153,45.5417,9.833121,1281,4614,5895,August,2018
235,fall,0,Friday,1,Clear,27.606653,60.5,16.958236,949,4181,5130,August,2018
236,fall,0,Saturday,0,Mist + Cloudy,28.050847,77.1667,14.125811,435,3107,3542,August,2018
237,fall,0,Sunday,0,Clear,28.7,76.125,5.6254875,768,3893,4661,August,2018
238,fall,0,Monday,1,Mist + Cloudy,27.88,85.0,25.166339,226,889,1115,August,2018
239,fall,0,Tuesday,1,Clear,28.989419,56.1765,20.412153,1415,2919,4334,August,2018
240,fall,0,Wednesday,1,Clear,26.103347,55.4583,10.708275,729,3905,4634,August,2018
241,fall,0,Thursday,1,Clear,26.205847,54.8333,8.375536,775,4429,5204,August,2018
242,fall,0,Friday,1,Clear,26.923347,59.7917,5.5833311,688,4370,5058,August,2018
243,fall,0,Saturday,0,Clear,26.855,63.9167,9.500332,783,4332,5115,September,2018
244,fall,0,Sunday,0,Mist + Cloudy,26.376653,72.7083,9.375243,875,3852,4727,September,2018
245,fall,0,Monday,1,Clear,27.435847,71.6667,12.416775,1935,2549,4484,September,2018
246,fall,0,Tuesday,1,Clear,29.075847,74.2083,13.833289,2521,2419,4940,September,2018
247,fall,1,Wednesday,0,Mist + Cloudy,27.606653,79.0417,14.250632,1236,2115,3351,September,2018
248,fall,0,Thursday,1,Light Snow,22.14,88.6957,23.044181,204,2506,2710,September,2018
249,fall,0,Friday,1,Light Snow,24.565847,91.7083,6.5003936,118,1878,1996,September,2018
250,fall,0,Saturday,0,Light Snow,25.990433,93.9565,12.914116,153,1689,1842,September,2018
251,fall,0,Sunday,0,Mist + Cloudy,26.65,89.7917,8.333393,417,3127,3544,September,2018
252,fall,0,Monday,1,Clear,27.06,75.375,10.291736,1750,3595,5345,September,2018
253,fall,0,Tuesday,1,Clear,26.786653,71.375,7.708618,1633,3413,5046,September,2018
254,fall,0,Wednesday,1,Clear,26.418268,69.2174,5.957171,690,4023,4713,September,2018
255,fall,0,Thursday,1,Clear,26.684153,71.25,9.500868,701,4062,4763,September,2018
256,fall,0,Friday,1,Clear,27.606653,69.7083,11.2091,647,4138,4785,September,2018
257,fall,0,Saturday,0,Mist + Cloudy,23.6775,70.9167,18.166782,428,3231,3659,September,2018
258,fall,0,Sunday,0,Mist + Cloudy,19.235847,59.0417,11.000261,742,4018,4760,September,2018
259,fall,0,Monday,1,Mist + Cloudy,20.158347,71.8333,12.708225,1434,3077,4511,September,2018
260,fall,0,Tuesday,1,Clear,20.8075,69.5,11.958361,1353,2921,4274,September,2018
261,fall,0,Wednesday,1,Mist + Cloudy,22.515847,69.0,10.166714,691,3848,4539,September,2018
262,fall,0,Thursday,1,Mist + Cloudy,23.028347,88.125,9.041918,438,3203,3641,September,2018
263,fall,0,Friday,1,Mist + Cloudy,24.395,90.0,6.4590814,539,3813,4352,September,2018
264,fall,0,Saturday,0,Mist + Cloudy,25.761653,90.2083,8.584375,555,4240,4795,September,2018
265,winter,0,Sunday,0,Mist + Cloudy,24.975847,97.25,5.2505689,258,2137,2395,September,2018
266,winter,0,Monday,1,Mist + Cloudy,24.873347,86.25,5.2516811,1776,3647,5423,September,2018
267,winter,0,Tuesday,1,Mist + Cloudy,26.000847,84.5,3.3754064,1544,3466,5010,September,2018
268,winter,0,Wednesday,1,Mist + Cloudy,26.615847,84.8333,7.4169,684,3946,4630,September,2018
269,winter,0,Thursday,1,Mist + Cloudy,26.103347,88.5417,7.917457,477,3643,4120,September,2018
270,winter,0,Friday,1,Mist + Cloudy,26.035,84.875,9.958143,480,3427,3907,September,2018
271,winter,0,Saturday,0,Clear,25.283347,69.9167,11.583161,653,4186,4839,September,2018
272,winter,0,Sunday,0,Clear,23.130847,64.75,13.833825,830,4372,5202,September,2018
273,winter,0,Monday,1,Mist + Cloudy,16.81,75.375,19.583832,480,1949,2429,October,2018
274,winter,0,Tuesday,1,Mist + Cloudy,14.623347,79.1667,14.874871,616,2302,2918,October,2018
275,winter,0,Wednesday,1,Mist + Cloudy,15.750847,76.0833,5.5841686,330,3240,3570,October,2018
276,winter,0,Thursday,1,Clear,19.850847,71.0,13.792218,486,3970,4456,October,2018
277,winter,0,Friday,1,Clear,22.071653,64.7917,11.87575,559,4267,4826,October,2018
278,winter,0,Saturday,0,Clear,20.260847,62.0833,9.041918,639,4126,4765,October,2018
279,winter,0,Sunday,0,Clear,20.944153,68.4167,1.5002439,949,4036,4985,October,2018
280,winter,0,Monday,1,Clear,21.388347,70.125,3.0420814,2235,3174,5409,October,2018
281,winter,0,Tuesday,1,Clear,22.174153,72.75,4.25115,2397,3114,5511,October,2018
282,winter,1,Wednesday,0,Clear,23.404153,73.375,2.8343814,1514,3603,5117,October,2018
283,winter,0,Thursday,1,Mist + Cloudy,23.233347,80.875,9.583814,667,3896,4563,October,2018
284,winter,0,Friday,1,Light Snow,22.276653,90.625,16.62605,217,2199,2416,October,2018
285,winter,0,Saturday,0,Mist + Cloudy,24.155847,89.6667,9.499729,290,2623,2913,October,2018
286,winter,0,Sunday,0,Mist + Cloudy,22.584153,71.625,15.000161,529,3115,3644,October,2018
287,winter,0,Monday,1,Clear,20.773347,48.3333,17.291561,1899,3318,5217,October,2018
288,winter,0,Tuesday,1,Clear,20.978347,48.6667,18.875039,1748,3293,5041,October,2018
289,winter,0,Wednesday,1,Clear,21.900847,57.9583,11.750393,713,3857,4570,October,2018
290,winter,0,Thursday,1,Mist + Cloudy,21.8325,70.1667,7.375829,637,4111,4748,October,2018
291,winter,0,Friday,1,Light Snow,22.211299,89.5217,16.303713,254,2170,2424,October,2018
292,winter,0,Saturday,0,Clear,19.509153,63.625,28.292425,471,3724,4195,October,2018
293,winter,0,Sunday,0,Clear,17.5275,57.4167,14.833532,676,3628,4304,October,2018
294,winter,0,Monday,1,Clear,17.3225,62.9167,6.2086689,1499,2809,4308,October,2018
295,winter,0,Tuesday,1,Clear,17.288347,74.125,6.6673375,1619,2762,4381,October,2018
296,winter,0,Wednesday,1,Clear,18.996653,77.2083,7.959064,699,3488,4187,October,2018
297,winter,0,Thursday,1,Clear,19.338347,62.2917,11.166086,695,3992,4687,October,2018
298,winter,0,Friday,1,Mist + Cloudy,19.850847,72.0417,9.959014,404,3490,3894,October,2018
299,winter,0,Saturday,0,Mist + Cloudy,19.27,81.2917,13.250121,240,2419,2659,October,2018
300,winter,0,Sunday,0,Mist + Cloudy,13.564153,58.5833,15.375093,456,3291,3747,October,2018
301,winter,0,Monday,1,Light Snow,10.420847,88.25,23.541857,57,570,627,October,2018
302,winter,0,Tuesday,1,Clear,13.085847,62.375,11.833339,885,2446,3331,October,2018
303,winter,0,Wednesday,1,Clear,13.94,70.3333,7.12545,362,3307,3669,October,2018
304,winter,0,Thursday,1,Clear,16.434153,68.375,9.083257,410,3658,4068,November,2018
305,winter,0,Friday,1,Clear,15.4775,71.875,5.5001439,370,3816,4186,November,2018
306,winter,0,Saturday,0,Clear,16.741653,70.2083,9.166739,318,3656,3974,November,2018
307,winter,0,Sunday,0,Mist + Cloudy,16.536653,62.25,18.209193,470,3576,4046,November,2018
308,winter,0,Monday,1,Clear,13.393347,51.9167,12.667154,1156,2770,3926,November,2018
309,winter,0,Tuesday,1,Clear,14.281653,73.4583,6.1676314,952,2697,3649,November,2018
310,winter,0,Wednesday,1,Clear,16.195,75.875,3.834075,373,3662,4035,November,2018
311,winter,0,Thursday,1,Clear,16.741653,72.1667,4.6255125,376,3829,4205,November,2018
312,winter,0,Friday,1,Clear,16.4,75.8333,4.1671186,305,3804,4109,November,2018
313,winter,0,Saturday,0,Mist + Cloudy,15.58,81.3333,12.667489,190,2743,2933,November,2018
314,winter,1,Sunday,0,Clear,13.290847,44.625,21.083225,440,2928,3368,November,2018
315,winter,0,Monday,1,Clear,14.623347,55.2917,14.208154,1275,2792,4067,November,2018
316,winter,0,Tuesday,1,Clear,18.074153,45.8333,18.875307,1004,2713,3717,November,2018
317,winter,0,Wednesday,1,Clear,21.73,58.7083,20.541932,595,3891,4486,November,2018
318,winter,0,Thursday,1,Mist + Cloudy,21.73,68.875,13.375411,449,3746,4195,November,2018
319,winter,0,Friday,1,Light Snow,18.723347,93.0,9.167543,145,1672,1817,November,2018
320,winter,0,Saturday,0,Mist + Cloudy,14.008347,57.5833,20.459254,139,2914,3053,November,2018
321,winter,0,Sunday,0,Clear,11.240847,41.0,11.291711,245,3147,3392,November,2018
322,winter,0,Monday,1,Clear,13.495847,50.2083,15.041232,943,2720,3663,November,2018
323,winter,0,Tuesday,1,Mist + Cloudy,18.996653,68.4583,12.45865,787,2733,3520,November,2018
324,winter,0,Wednesday,1,Light Snow,18.3475,91.0,9.249618,220,2545,2765,November,2018
325,winter,0,Thursday,1,Light Snow,17.083347,96.25,7.959064,69,1538,1607,November,2018
326,winter,0,Friday,1,Mist + Cloudy,18.074153,75.7917,22.500275,112,2454,2566,November,2018
327,winter,1,Saturday,0,Clear,15.306653,54.9167,11.209368,560,935,1495,November,2018
328,winter,0,Sunday,0,Clear,15.375,64.375,6.6260186,1095,1697,2792,November,2018
329,winter,0,Monday,1,Clear,15.409153,68.1667,4.5841936,1249,1819,3068,November,2018
330,winter,0,Tuesday,1,Clear,18.825847,69.8333,13.999918,810,2261,3071,November,2018
331,winter,0,Wednesday,1,Clear,20.642598,74.3043,9.522174,253,3614,3867,November,2018
332,winter,0,Thursday,1,Mist + Cloudy,18.791653,83.0833,17.292164,96,2818,2914,November,2018
333,winter,0,Friday,1,Clear,13.325,61.3333,18.167586,188,3425,3613,November,2018
334,winter,0,Saturday,0,Clear,12.8125,52.4583,14.750586,182,3545,3727,December,2018
335,winter,0,Sunday,0,Clear,12.880847,62.5833,6.750518,268,3672,3940,December,2018
336,winter,0,Monday,1,Clear,12.265847,61.2917,6.4174811,706,2908,3614,December,2018
337,winter,0,Tuesday,1,Clear,13.564153,77.5833,5.6252061,634,2851,3485,December,2018
338,winter,0,Wednesday,1,Mist + Cloudy,15.819153,82.7083,4.1679561,233,3578,3811,December,2018
339,winter,0,Thursday,1,Light Snow,18.9625,94.9583,15.583061,126,2468,2594,December,2018
340,winter,0,Friday,1,Light Snow,16.81,97.0417,17.833725,50,655,705,December,2018
341,winter,0,Saturday,0,Clear,10.899153,58.0,16.083886,150,3172,3322,December,2018
342,winter,0,Sunday,0,Clear,11.924153,69.5833,5.5420189,261,3359,3620,December,2018
343,winter,0,Monday,1,Clear,11.275,50.75,15.625807,502,2688,3190,December,2018
344,winter,0,Tuesday,1,Clear,9.054153,49.0,4.4582939,377,2366,2743,December,2018
345,winter,0,Wednesday,1,Clear,9.771653,67.0833,4.25115,143,3167,3310,December,2018
346,winter,0,Thursday,1,Clear,11.5825,59.0,9.41685,155,3368,3523,December,2018
347,winter,0,Friday,1,Mist + Cloudy,13.0175,66.375,4.0842061,178,3562,3740,December,2018
348,winter,0,Saturday,0,Mist + Cloudy,17.3225,63.4167,17.958814,181,3528,3709,December,2018
349,winter,0,Sunday,0,Mist + Cloudy,15.375,50.0417,17.458525,178,3399,3577,December,2018
350,winter,0,Monday,1,Mist + Cloudy,10.591653,56.0833,16.292189,275,2464,2739,December,2018
351,winter,0,Tuesday,1,Clear,9.771653,58.625,11.375193,220,2211,2431,December,2018
352,winter,0,Wednesday,1,Clear,11.343347,63.75,11.584032,260,3143,3403,December,2018
353,winter,0,Thursday,1,Mist + Cloudy,15.819153,59.5417,4.1252436,216,3534,3750,December,2018
354,spring,0,Friday,1,Mist + Cloudy,17.561653,85.8333,14.8338,107,2553,2660,December,2018
355,spring,0,Saturday,0,Mist + Cloudy,17.356653,75.75,3.167425,227,2841,3068,December,2018
356,spring,0,Sunday,0,Clear,15.306653,68.625,18.374482,163,2046,2209,December,2018
357,spring,0,Monday,1,Clear,12.4025,54.25,12.750368,155,856,1011,December,2018
358,spring,0,Tuesday,1,Clear,11.266103,68.1304,10.391097,303,451,754,December,2018
359,spring,1,Wednesday,0,Clear,13.191299,50.6957,16.044155,430,887,1317,December,2018
360,spring,0,Thursday,1,Mist + Cloudy,13.325,76.25,12.62615,103,1059,1162,December,2018
361,spring,0,Friday,1,Clear,12.26433,50.3913,19.695387,255,2047,2302,December,2018
362,spring,0,Saturday,0,Clear,10.181653,57.4167,8.000604,254,2169,2423,December,2018
363,spring,0,Sunday,0,Clear,12.778347,63.6667,9.000579,491,2508,2999,December,2018
364,spring,0,Monday,1,Clear,16.81,61.5833,14.750318,665,1820,2485,December,2018
365,spring,0,Tuesday,1,Clear,15.17,69.25,12.875189,686,1608,2294,January,2019
366,spring,1,Wednesday,0,Clear,11.194763,38.1304,22.087555,244,1707,1951,January,2019
367,spring,0,Thursday,1,Clear,6.15,44.125,24.499957,89,2147,2236,January,2019
368,spring,0,Friday,1,Mist + Cloudy,4.4075,41.4583,12.3749,95,2273,2368,January,2019
369,spring,0,Saturday,0,Clear,10.899153,52.4167,8.709129,140,3132,3272,January,2019
370,spring,0,Sunday,0,Clear,13.700847,54.2083,11.249836,307,3791,4098,January,2019
371,spring,0,Monday,1,Clear,16.126653,53.1667,11.708786,1070,3451,4521,January,2019
372,spring,0,Tuesday,1,Clear,13.8375,46.5,12.833314,599,2826,3425,January,2019
373,spring,0,Wednesday,1,Mist + Cloudy,9.190847,70.1667,6.6263,106,2270,2376,January,2019
374,spring,0,Thursday,1,Clear,12.656536,64.6522,12.565984,173,3425,3598,January,2019
375,spring,0,Friday,1,Mist + Cloudy,11.240847,84.75,8.791807,92,2085,2177,January,2019
376,spring,0,Saturday,0,Mist + Cloudy,15.6825,80.2917,12.124789,269,3828,4097,January,2019
377,spring,0,Sunday,0,Clear,11.240847,50.75,25.333236,174,3040,3214,January,2019
378,spring,0,Monday,1,Clear,7.38,45.75,12.541261,333,2160,2493,January,2019
379,spring,0,Tuesday,1,Clear,6.833347,41.9167,16.834286,284,2027,2311,January,2019
380,spring,1,Wednesday,0,Clear,7.79,52.25,15.500986,217,2081,2298,January,2019
381,spring,0,Thursday,1,Mist + Cloudy,15.294763,71.6087,23.39171,127,2808,2935,January,2019
382,spring,0,Friday,1,Clear,12.436653,44.3333,27.833743,109,3267,3376,January,2019
383,spring,0,Saturday,0,Clear,7.79,49.75,14.750586,130,3162,3292,January,2019
384,spring,0,Sunday,0,Mist + Cloudy,8.9175,45.0,13.58425,115,3048,3163,January,2019
385,spring,0,Monday,1,Mist + Cloudy,7.106653,83.125,14.917014,67,1234,1301,January,2019
386,spring,0,Tuesday,1,Mist + Cloudy,6.6625,79.625,13.375746,196,1781,1977,January,2019
387,spring,0,Wednesday,1,Mist + Cloudy,8.951653,91.125,7.417436,145,2287,2432,January,2019
388,spring,0,Thursday,1,Clear,14.0425,83.5833,8.292389,439,3900,4339,January,2019
389,spring,0,Friday,1,Clear,12.060847,64.375,10.791757,467,3803,4270,January,2019
390,spring,0,Saturday,0,Mist + Cloudy,14.008347,76.9583,4.9175186,244,3831,4075,January,2019
391,spring,0,Sunday,0,Mist + Cloudy,17.425,74.125,22.958689,269,3187,3456,January,2019
392,spring,0,Monday,1,Clear,12.949153,54.3333,14.125543,775,3248,4023,January,2019
393,spring,0,Tuesday,1,Clear,11.5825,31.125,16.08335,558,2685,3243,January,2019
394,spring,0,Wednesday,1,Clear,11.035847,40.0833,14.458064,126,3498,3624,January,2019
395,spring,0,Thursday,1,Clear,15.99,41.6667,17.541739,324,4185,4509,January,2019
396,spring,0,Friday,1,Clear,19.235847,50.7917,12.667489,304,4275,4579,February,2019
397,spring,0,Saturday,0,Mist + Cloudy,16.365847,67.2917,12.541529,190,3571,3761,February,2019
398,spring,0,Sunday,0,Clear,12.846653,52.6667,11.959232,310,3841,4151,February,2019
399,spring,0,Monday,1,Mist + Cloudy,10.830847,77.9583,8.167032,384,2448,2832,February,2019
400,spring,0,Tuesday,1,Mist + Cloudy,10.899153,68.7917,11.791732,318,2629,2947,February,2019
401,spring,0,Wednesday,1,Clear,11.586969,62.2174,10.3046,206,3578,3784,February,2019
402,spring,0,Thursday,1,Clear,14.520847,49.625,9.874393,199,4176,4375,February,2019
403,spring,0,Friday,1,Mist + Cloudy,10.523347,72.2917,8.959307,109,2693,2802,February,2019
404,spring,0,Saturday,0,Clear,10.865,56.2083,13.000479,163,3667,3830,February,2019
405,spring,0,Sunday,0,Mist + Cloudy,11.514153,54.0,7.834243,227,3604,3831,February,2019
406,spring,0,Monday,1,Light Snow,9.190847,73.125,19.416332,192,1977,2169,February,2019
407,spring,0,Tuesday,1,Clear,5.2275,46.4583,27.417204,73,1456,1529,February,2019
408,spring,0,Wednesday,1,Clear,9.1225,41.125,11.207961,94,3328,3422,February,2019
409,spring,0,Thursday,1,Mist + Cloudy,13.085847,50.875,9.458993,135,3787,3922,February,2019
410,spring,0,Friday,1,Clear,14.281653,53.125,12.1672,141,4028,4169,February,2019
411,spring,0,Saturday,0,Mist + Cloudy,12.983347,75.2917,6.125475,74,2931,3005,February,2019
412,spring,0,Sunday,0,Clear,14.076653,63.4583,13.791682,349,3805,4154,February,2019
413,spring,0,Monday,1,Clear,14.213347,53.4583,12.792243,1435,2883,4318,February,2019
414,spring,0,Tuesday,1,Mist + Cloudy,11.48,51.5833,16.958504,618,2071,2689,February,2019
415,spring,1,Wednesday,0,Clear,11.48,50.7826,15.348561,502,2627,3129,February,2019
416,spring,0,Thursday,1,Clear,11.800866,59.4348,13.783039,163,3614,3777,February,2019
417,spring,0,Friday,1,Clear,16.229153,56.7917,15.709557,394,4379,4773,February,2019
418,spring,0,Saturday,0,Clear,18.620847,55.4583,12.791171,516,4546,5062,February,2019
419,spring,0,Sunday,0,Mist + Cloudy,16.7075,73.75,15.916989,246,3241,3487,February,2019
420,spring,0,Monday,1,Clear,11.924153,39.5833,28.250014,317,2415,2732,February,2019
421,spring,0,Tuesday,1,Clear,11.445847,41.0,13.750343,515,2874,3389,February,2019
422,spring,0,Wednesday,1,Clear,15.033347,49.0833,17.958211,253,4069,4322,February,2019
423,spring,0,Thursday,1,Clear,14.725847,39.5833,12.958939,229,4134,4363,February,2019
424,spring,0,Friday,1,Clear,19.919153,61.5417,15.208129,325,4665,4990,March,2019
425,spring,0,Saturday,0,Mist + Cloudy,14.486653,65.7083,9.708568,246,2948,3194,March,2019
426,spring,0,Sunday,0,Mist + Cloudy,16.980847,62.125,10.792293,956,3110,4066,March,2019
427,spring,0,Monday,1,Clear,13.359153,40.3333,22.416257,710,2713,3423,March,2019
428,spring,0,Tuesday,1,Clear,9.976653,50.625,15.333486,203,3130,3333,March,2019
429,spring,0,Wednesday,1,Clear,10.591653,45.6667,13.458625,221,3735,3956,March,2019
430,spring,0,Thursday,1,Clear,16.570847,51.3333,23.167193,432,4484,4916,March,2019
431,spring,0,Friday,1,Clear,21.6275,56.75,29.584721,486,4896,5382,March,2019
432,spring,0,Saturday,0,Mist + Cloudy,16.844153,40.7083,27.7916,447,4122,4569,March,2019
433,spring,0,Sunday,0,Clear,11.7875,35.0417,15.12525,968,3150,4118,March,2019
434,spring,0,Monday,1,Clear,14.831299,47.6957,14.913329,1658,3253,4911,March,2019
435,spring,0,Tuesday,1,Clear,19.133347,48.9167,13.916771,838,4460,5298,March,2019
436,spring,0,Wednesday,1,Clear,23.165,61.75,15.87565,762,5085,5847,March,2019
437,spring,0,Thursday,1,Clear,23.4725,50.7083,7.709154,997,5315,6312,March,2019
438,spring,0,Friday,1,Clear,22.8575,57.9583,10.042161,1005,5187,6192,March,2019
439,spring,0,Saturday,0,Mist + Cloudy,17.869153,84.2083,7.583864,548,3830,4378,March,2019
440,spring,0,Sunday,0,Mist + Cloudy,21.080847,75.5833,7.417168,3155,4681,7836,March,2019
441,spring,0,Monday,1,Mist + Cloudy,19.3725,81.0,8.501161,2207,3685,5892,March,2019
442,spring,0,Tuesday,1,Clear,22.345,72.875,10.875239,982,5171,6153,March,2019
443,spring,0,Wednesday,1,Clear,22.994153,80.7917,8.125157,1051,5042,6093,March,2019
444,summer,0,Thursday,1,Mist + Cloudy,21.798347,82.125,6.0004061,1122,5108,6230,March,2019
445,summer,0,Friday,1,Clear,22.720847,83.125,7.876654,1334,5537,6871,March,2019
446,summer,0,Saturday,0,Mist + Cloudy,24.668347,69.4167,7.7921,2469,5893,8362,March,2019
447,summer,0,Sunday,0,Mist + Cloudy,20.6025,88.5417,12.916461,1033,2339,3372,March,2019
448,summer,0,Monday,1,Mist + Cloudy,17.9375,88.0833,14.791925,1532,3464,4996,March,2019
449,summer,0,Tuesday,1,Clear,18.279153,47.7917,25.917007,795,4763,5558,March,2019
450,summer,0,Wednesday,1,Clear,13.256653,29.0,12.541864,531,4571,5102,March,2019
451,summer,0,Thursday,1,Clear,19.850847,48.125,19.541957,674,5024,5698,March,2019
452,summer,0,Friday,1,Clear,20.260847,43.9167,21.41655,834,5299,6133,March,2019
453,summer,0,Saturday,0,Mist + Cloudy,15.17,58.0833,9.250489,796,4663,5459,March,2019
454,summer,0,Sunday,0,Mist + Cloudy,17.390847,73.8333,16.791339,2301,3934,6235,March,2019
455,summer,0,Monday,1,Mist + Cloudy,17.459153,67.625,11.541889,2347,3694,6041,April,2019
456,summer,0,Tuesday,1,Clear,17.790433,50.4348,20.913313,1208,4728,5936,April,2019
457,summer,0,Wednesday,1,Clear,19.133347,39.6667,6.708911,1348,5424,6772,April,2019
458,summer,0,Thursday,1,Clear,22.208347,46.9583,12.125325,1058,5378,6436,April,2019
459,summer,0,Friday,1,Clear,17.835,37.4167,14.708443,1192,5265,6457,April,2019
460,summer,0,Saturday,0,Clear,16.536653,37.7083,20.125996,1807,4653,6460,April,2019
461,summer,0,Sunday,0,Clear,17.9375,25.4167,18.416357,3252,3605,6857,April,2019
462,summer,0,Monday,1,Clear,20.5,27.5833,15.583932,2230,2939,5169,April,2019
463,summer,0,Tuesday,1,Clear,20.055847,31.75,23.999132,905,4680,5585,April,2019
464,summer,0,Wednesday,1,Clear,18.313347,43.5,16.708125,819,5099,5918,April,2019
465,summer,0,Thursday,1,Clear,14.296536,46.9565,19.783358,482,4380,4862,April,2019
466,summer,0,Friday,1,Clear,16.2975,46.625,19.458743,663,4746,5409,April,2019
467,summer,0,Saturday,0,Clear,18.1425,40.8333,10.416557,1252,5146,6398,April,2019
468,summer,0,Sunday,0,Clear,20.295,50.2917,12.791439,2795,4665,7460,April,2019
469,summer,0,Monday,1,Clear,24.873347,50.7917,15.083643,2846,4286,7132,April,2019
470,summer,1,Tuesday,0,Clear,27.230847,56.1667,19.083543,1198,5172,6370,April,2019
471,summer,0,Wednesday,1,Clear,24.941653,39.0417,18.333143,989,5702,6691,April,2019
472,summer,0,Thursday,1,Mist + Cloudy,18.996653,56.9167,11.250104,347,4020,4367,April,2019
473,summer,0,Friday,1,Clear,20.431653,61.25,4.4172564,846,5719,6565,April,2019
474,summer,0,Saturday,0,Clear,21.593347,69.4583,10.041357,1340,5950,7290,April,2019
475,summer,0,Sunday,0,Clear,23.37,68.2917,19.000329,2541,4083,6624,April,2019
476,summer,0,Monday,1,Light Snow,16.263347,83.5417,23.084582,120,907,1027,April,2019
477,summer,0,Tuesday,1,Mist + Cloudy,13.188347,76.6667,20.334232,195,3019,3214,April,2019
478,summer,0,Wednesday,1,Clear,16.946653,45.4167,16.708661,518,5115,5633,April,2019
479,summer,0,Thursday,1,Clear,19.543347,42.7917,7.959064,655,5541,6196,April,2019
480,summer,0,Friday,1,Mist + Cloudy,20.431653,75.6667,11.833875,475,4551,5026,April,2019
481,summer,0,Saturday,0,Clear,18.7575,40.0833,23.291411,1014,5219,6233,April,2019
482,summer,0,Sunday,0,Mist + Cloudy,15.443347,48.9583,8.708325,1120,3100,4220,April,2019
483,summer,0,Monday,1,Clear,18.791653,58.7083,7.832836,2229,4075,6304,April,2019
484,summer,0,Tuesday,1,Mist + Cloudy,19.030847,57.0,11.499746,665,4907,5572,April,2019
485,summer,0,Wednesday,1,Mist + Cloudy,25.146653,65.9583,10.458432,653,5087,5740,May,2019
486,summer,0,Thursday,1,Clear,23.130847,79.7083,9.249886,667,5502,6169,May,2019
487,summer,0,Friday,1,Mist + Cloudy,22.96,76.8333,8.957632,764,5657,6421,May,2019
488,summer,0,Saturday,0,Clear,25.7275,73.5417,10.916846,1069,5227,6296,May,2019
489,summer,0,Sunday,0,Mist + Cloudy,25.488347,75.6667,10.250464,2496,4387,6883,May,2019
490,summer,0,Monday,1,Mist + Cloudy,23.0625,74.0,10.041893,2135,4224,6359,May,2019
491,summer,0,Tuesday,1,Mist + Cloudy,22.0375,66.4167,15.458307,1008,5265,6273,May,2019
492,summer,0,Wednesday,1,Mist + Cloudy,23.848347,68.5833,19.833943,738,4990,5728,May,2019
493,summer,0,Thursday,1,Mist + Cloudy,23.575,74.4167,14.499604,620,4097,4717,May,2019
494,summer,0,Friday,1,Clear,20.739153,55.2083,21.042221,1026,5546,6572,May,2019
495,summer,0,Saturday,0,Clear,21.866653,36.0417,15.874779,1319,5711,7030,May,2019
496,summer,0,Sunday,0,Clear,23.130847,48.0417,8.249911,2622,4807,7429,May,2019
497,summer,0,Monday,1,Clear,25.1125,57.625,15.082839,2172,3946,6118,May,2019
498,summer,0,Tuesday,1,Mist + Cloudy,23.506653,78.9583,14.250364,342,2501,2843,May,2019
499,summer,0,Wednesday,1,Mist + Cloudy,25.078347,79.4583,9.875264,625,4490,5115,May,2019
500,summer,0,Thursday,1,Clear,26.103347,69.7917,8.208304,991,6433,7424,May,2019
501,summer,0,Friday,1,Clear,24.326653,52.0,15.374825,1242,6142,7384,May,2019
502,summer,0,Saturday,0,Clear,23.130847,52.3333,9.166739,1521,6118,7639,May,2019
503,summer,0,Sunday,0,Clear,24.6,45.625,5.626325,3410,4884,8294,May,2019
504,summer,0,Monday,1,Clear,25.454153,53.0417,17.042589,2704,4425,7129,May,2019
505,summer,0,Tuesday,1,Mist + Cloudy,24.531653,81.125,15.624668,630,3729,4359,May,2019
506,summer,0,Wednesday,1,Mist + Cloudy,25.215,76.5833,7.917189,819,5254,6073,May,2019
507,summer,0,Thursday,1,Mist + Cloudy,25.488347,77.4583,6.834,766,4494,5260,May,2019
508,summer,0,Friday,1,Clear,26.855,71.6667,11.584032,1059,5711,6770,May,2019
509,summer,0,Saturday,0,Clear,27.88,74.7083,9.41685,1417,5317,6734,May,2019
510,summer,0,Sunday,0,Clear,28.3925,73.25,13.332464,2855,3681,6536,May,2019
511,summer,0,Monday,1,Clear,28.29,69.7083,14.416457,3283,3308,6591,May,2019
512,summer,1,Tuesday,0,Clear,29.2125,67.625,13.166907,2557,3486,6043,May,2019
513,summer,0,Wednesday,1,Clear,29.6225,68.4583,19.7918,880,4863,5743,May,2019
514,summer,0,Thursday,1,Mist + Cloudy,26.923347,67.0,9.000043,745,6110,6855,May,2019
515,summer,0,Friday,1,Clear,27.88,49.2917,13.083693,1100,6238,7338,May,2019
516,summer,0,Saturday,0,Mist + Cloudy,26.820847,75.5417,15.916721,533,3594,4127,June,2019
517,summer,0,Sunday,0,Clear,23.916653,54.9167,12.499654,2795,5325,8120,June,2019
518,summer,0,Monday,1,Clear,24.7025,49.3333,12.333829,2494,5147,7641,June,2019
519,summer,0,Tuesday,1,Clear,24.4975,48.7083,19.083811,1071,5927,6998,June,2019
520,summer,0,Wednesday,1,Mist + Cloudy,22.174153,61.3333,14.041525,968,6033,7001,June,2019
521,summer,0,Thursday,1,Clear,22.720847,61.125,5.167375,1027,6028,7055,June,2019
522,summer,0,Friday,1,Clear,24.7025,56.7083,10.54245,1038,6456,7494,June,2019
523,summer,0,Saturday,0,Clear,26.615847,46.7917,11.750661,1488,6248,7736,June,2019
524,summer,0,Sunday,0,Clear,29.144153,43.7083,9.667229,2708,4790,7498,June,2019
525,summer,0,Monday,1,Clear,29.793347,53.8333,8.959307,2224,4374,6598,June,2019
526,summer,0,Tuesday,1,Mist + Cloudy,29.554153,58.7917,13.916771,1017,5647,6664,June,2019
527,summer,0,Wednesday,1,Mist + Cloudy,26.786653,83.3333,14.374582,477,4495,4972,June,2019
528,summer,0,Thursday,1,Clear,26.889153,58.2083,22.999693,1173,6248,7421,June,2019
529,summer,0,Friday,1,Clear,26.581653,56.9583,17.000111,1180,6183,7363,June,2019
530,summer,0,Saturday,0,Clear,26.205847,58.9583,11.833339,1563,6102,7665,June,2019
531,summer,0,Sunday,0,Clear,25.898347,50.4167,11.166689,2963,4739,7702,June,2019
532,summer,0,Monday,1,Clear,24.2925,59.875,9.708568,2634,4344,6978,June,2019
533,summer,0,Tuesday,1,Mist + Cloudy,23.301653,77.7917,11.707982,653,4446,5099,June,2019
534,summer,0,Wednesday,1,Clear,28.221653,69.0,9.917139,968,5857,6825,June,2019
535,summer,0,Thursday,1,Clear,32.0825,59.2083,7.625404,872,5339,6211,June,2019
536,fall,0,Friday,1,Clear,33.039153,56.7917,7.958729,778,5127,5905,June,2019
537,fall,0,Saturday,0,Clear,31.8775,57.375,12.250414,964,4859,5823,June,2019
538,fall,0,Sunday,0,Clear,29.998347,53.4583,12.041307,2657,4801,7458,June,2019
539,fall,0,Monday,1,Clear,30.476653,47.9167,9.750175,2551,4340,6891,June,2019
540,fall,0,Tuesday,1,Clear,29.349153,50.4167,20.125661,1139,5640,6779,June,2019
541,fall,0,Wednesday,1,Clear,25.864153,37.3333,23.292014,1077,6365,7442,June,2019
542,fall,0,Thursday,1,Clear,28.5975,36.0,18.208925,1077,6258,7335,June,2019
543,fall,0,Friday,1,Clear,30.715847,42.25,11.50055,921,5958,6879,June,2019
544,fall,0,Saturday,0,Clear,34.200847,48.875,11.082939,829,4634,5463,June,2019
545,fall,0,Sunday,0,Clear,31.365,60.125,10.791757,1455,4232,5687,June,2019
546,fall,0,Monday,1,Clear,33.449153,51.875,11.291443,1421,4110,5531,July,2019
547,fall,0,Tuesday,1,Clear,32.048347,44.7083,13.082889,904,5323,6227,July,2019
548,fall,0,Wednesday,1,Clear,32.014153,49.2083,8.457879,1052,5608,6660,July,2019
549,fall,1,Thursday,0,Clear,32.355847,53.875,9.04165,2562,4841,7403,July,2019
550,fall,0,Friday,1,Clear,33.9275,45.7917,12.999943,1405,4836,6241,July,2019
551,fall,0,Saturday,0,Clear,33.961653,45.0833,9.791514,1366,4841,6207,July,2019
552,fall,0,Sunday,0,Clear,35.328347,49.2083,10.958118,1448,3392,4840,July,2019
553,fall,0,Monday,1,Clear,33.7225,57.375,8.417143,1203,3469,4672,July,2019
554,fall,0,Tuesday,1,Mist + Cloudy,29.144153,68.3333,12.125325,998,5571,6569,July,2019
555,fall,0,Wednesday,1,Mist + Cloudy,29.554153,66.75,10.166379,954,5336,6290,July,2019
556,fall,0,Thursday,1,Clear,29.383347,63.3333,10.166111,975,6289,7264,July,2019
557,fall,0,Friday,1,Clear,29.349153,52.9583,9.833925,1032,6414,7446,July,2019
558,fall,0,Saturday,0,Mist + Cloudy,29.998347,48.5833,5.41695,1511,5988,7499,July,2019
559,fall,0,Sunday,0,Mist + Cloudy,28.836653,69.9167,9.626493,2355,4614,6969,July,2019
560,fall,0,Monday,1,Clear,30.579153,71.7917,11.166689,1920,4111,6031,July,2019
561,fall,0,Tuesday,1,Clear,31.296653,64.5,11.000529,1088,5742,6830,July,2019
562,fall,0,Wednesday,1,Clear,33.551653,50.5833,7.666743,921,5865,6786,July,2019
563,fall,0,Thursday,1,Clear,32.526653,57.7083,9.208614,799,4914,5713,July,2019
564,fall,0,Friday,1,Clear,31.57,60.0417,11.083743,888,5703,6591,July,2019
565,fall,0,Saturday,0,Mist + Cloudy,27.299153,84.4167,14.000789,747,5123,5870,July,2019
566,fall,0,Sunday,0,Light Snow,24.429153,86.5417,14.2911,1264,3195,4459,July,2019
567,fall,0,Monday,1,Mist + Cloudy,27.3675,76.25,6.2926936,2544,4866,7410,July,2019
568,fall,0,Tuesday,1,Clear,30.408347,69.4167,9.291761,1135,5831,6966,July,2019
569,fall,0,Wednesday,1,Clear,30.784153,65.5,14.167418,1140,6452,7592,July,2019
570,fall,0,Thursday,1,Clear,29.690847,45.0,11.0416,1383,6790,8173,July,2019
571,fall,0,Friday,1,Clear,31.843347,59.6667,19.082471,1036,5825,6861,July,2019
572,fall,0,Saturday,0,Clear,32.048347,59.4583,10.250464,1259,5645,6904,July,2019
573,fall,0,Sunday,0,Clear,30.989153,61.3333,10.54245,2234,4451,6685,July,2019
574,fall,0,Monday,1,Clear,29.588347,62.375,11.416532,2153,4444,6597,July,2019
575,fall,0,Tuesday,1,Clear,29.964153,66.875,10.292339,1040,6065,7105,July,2019
576,fall,0,Wednesday,1,Clear,29.246653,70.4167,11.083475,968,6248,7216,July,2019
577,fall,0,Thursday,1,Clear,29.4175,67.75,9.458993,1074,6506,7580,August,2019
578,fall,0,Friday,1,Clear,30.8525,65.9583,8.666718,983,6278,7261,August,2019
579,fall,0,Saturday,0,Mist + Cloudy,31.399153,64.25,14.458064,1328,5847,7175,August,2019
580,fall,0,Sunday,0,Clear,32.526653,61.3333,17.249686,2345,4479,6824,August,2019
581,fall,0,Monday,1,Clear,31.535847,65.25,19.458207,1707,3757,5464,August,2019
582,fall,0,Tuesday,1,Mist + Cloudy,30.8525,65.4167,8.666718,1233,5780,7013,August,2019
583,fall,0,Wednesday,1,Mist + Cloudy,30.169153,70.375,7.832836,1278,5995,7273,August,2019
584,fall,0,Thursday,1,Mist + Cloudy,30.75,67.2917,7.4169,1263,6271,7534,August,2019
585,fall,0,Friday,1,Clear,30.989153,62.0417,10.4587,1196,6090,7286,August,2019
586,fall,0,Saturday,0,Mist + Cloudy,29.349153,71.5833,16.000471,1065,4721,5786,August,2019
587,fall,0,Sunday,0,Mist + Cloudy,28.3925,73.2917,13.834093,2247,4052,6299,August,2019
588,fall,0,Monday,1,Clear,28.734153,53.0417,8.208304,2182,4362,6544,August,2019
589,fall,0,Tuesday,1,Clear,29.554153,54.5417,9.126204,1207,5676,6883,August,2019
590,fall,0,Wednesday,1,Clear,29.793347,68.6667,11.333586,1128,5656,6784,August,2019
591,fall,0,Thursday,1,Clear,28.973347,61.9583,11.374657,1198,6149,7347,August,2019
592,fall,0,Friday,1,Clear,29.485847,51.9167,9.500332,1338,6267,7605,August,2019
593,fall,0,Saturday,0,Clear,29.656653,57.0833,15.500718,1483,5665,7148,August,2019
594,fall,0,Sunday,0,Clear,27.811653,60.3333,11.917089,2827,5038,7865,August,2019
595,fall,0,Monday,1,Mist + Cloudy,26.069153,71.1667,5.79215,1208,3341,4549,August,2019
596,fall,0,Tuesday,1,Mist + Cloudy,26.069153,73.4167,8.708593,1026,5504,6530,August,2019
597,fall,0,Wednesday,1,Clear,26.615847,67.375,4.8756436,1081,5925,7006,August,2019
598,fall,0,Thursday,1,Clear,27.3675,67.7083,4.7089811,1094,6281,7375,August,2019
599,fall,0,Friday,1,Clear,28.529153,63.5833,5.6679186,1363,6402,7765,August,2019
600,fall,0,Saturday,0,Mist + Cloudy,28.8025,61.5,4.8337686,1325,6257,7582,August,2019
601,fall,0,Sunday,0,Mist + Cloudy,27.128347,71.2917,16.375336,1829,4224,6053,August,2019
602,fall,0,Monday,1,Mist + Cloudy,26.786653,84.5833,15.333486,1483,3772,5255,August,2019
603,fall,0,Tuesday,1,Clear,28.836653,73.0417,8.625111,989,5928,6917,August,2019
604,fall,0,Wednesday,1,Clear,29.861653,62.0,12.791975,935,6105,7040,August,2019
605,fall,0,Thursday,1,Clear,28.085,55.2083,7.541654,1177,6520,7697,August,2019
606,fall,0,Friday,1,Clear,28.973347,59.0417,5.1668189,1172,6541,7713,August,2019
607,fall,0,Saturday,0,Clear,31.330847,58.75,11.291711,1433,5917,7350,August,2019
608,fall,0,Sunday,0,Mist + Cloudy,30.886653,63.8333,7.583529,2352,3788,6140,September,2019
609,fall,0,Monday,1,Mist + Cloudy,28.563347,81.5,4.2927436,2613,3197,5810,September,2019
610,fall,1,Tuesday,0,Clear,29.0075,79.0833,10.125107,1965,4069,6034,September,2019
611,fall,0,Wednesday,1,Clear,29.759153,75.5,15.833507,867,5997,6864,September,2019
612,fall,0,Thursday,1,Clear,30.203347,74.125,12.583136,832,6280,7112,September,2019
613,fall,0,Friday,1,Mist + Cloudy,28.563347,81.0417,9.542207,611,5592,6203,September,2019
614,fall,0,Saturday,0,Clear,28.836653,73.625,11.500282,1045,6459,7504,September,2019
615,fall,0,Sunday,0,Mist + Cloudy,27.025847,79.9167,18.833968,1557,4419,5976,September,2019
616,fall,0,Monday,1,Clear,25.01,54.75,15.041232,2570,5657,8227,September,2019
617,fall,0,Tuesday,1,Clear,23.916653,50.375,17.333771,1118,6407,7525,September,2019
618,fall,0,Wednesday,1,Clear,23.6775,52.0,6.1676314,1070,6697,7767,September,2019
619,fall,0,Thursday,1,Clear,24.565847,57.7083,8.833682,1050,6820,7870,September,2019
620,fall,0,Friday,1,Clear,25.1125,63.7083,5.5422936,1054,6750,7804,September,2019
621,fall,0,Saturday,0,Clear,25.966653,67.25,6.958821,1379,6630,8009,September,2019
622,fall,0,Sunday,0,Clear,24.941653,50.1667,16.583907,3160,5554,8714,September,2019
623,fall,0,Monday,1,Clear,23.78,57.0,6.0422811,2166,5167,7333,September,2019
624,fall,0,Tuesday,1,Mist + Cloudy,23.814153,73.4583,10.166714,1022,5847,6869,September,2019
625,fall,0,Wednesday,1,Mist + Cloudy,25.556653,87.25,23.958329,371,3702,4073,September,2019
626,fall,0,Thursday,1,Clear,22.6525,53.6667,14.416725,788,6803,7591,September,2019
627,fall,0,Friday,1,Clear,22.413347,61.8333,7.917189,939,6781,7720,September,2019
628,fall,0,Saturday,0,Clear,24.565847,66.875,10.333343,1250,6917,8167,September,2019
629,fall,0,Sunday,0,Clear,26.65,64.6667,19.000061,2512,5883,8395,September,2019
630,winter,0,Monday,1,Clear,21.695847,46.7083,14.958286,2454,5453,7907,September,2019
631,winter,0,Tuesday,1,Clear,21.080847,49.2917,9.541068,1001,6435,7436,September,2019
632,winter,0,Wednesday,1,Clear,22.55,57.0,15.833507,845,6693,7538,September,2019
633,winter,0,Thursday,1,Clear,26.035,63.0833,16.3748,787,6946,7733,September,2019
634,winter,0,Friday,1,Mist + Cloudy,26.65,69.0833,9.000914,751,6642,7393,September,2019
635,winter,0,Saturday,0,Mist + Cloudy,25.385847,69.0,10.999993,1045,6370,7415,September,2019
636,winter,0,Sunday,0,Clear,22.2425,54.2917,15.249468,2589,5966,8555,September,2019
637,winter,0,Monday,1,Clear,21.593347,58.3333,9.042186,2015,4874,6889,September,2019
638,winter,0,Tuesday,1,Mist + Cloudy,21.354153,64.9167,6.0838814,763,6015,6778,October,2019
639,winter,0,Wednesday,1,Light Snow,24.224153,87.1667,6.999825,315,4324,4639,October,2019
640,winter,0,Thursday,1,Mist + Cloudy,26.9575,79.375,4.4585686,728,6844,7572,October,2019
641,winter,0,Friday,1,Mist + Cloudy,26.9575,72.2917,7.875582,891,6437,7328,October,2019
642,winter,0,Saturday,0,Clear,25.215,62.75,7.12545,1516,6640,8156,October,2019
643,winter,0,Sunday,0,Clear,22.720847,66.4167,17.957675,3031,4934,7965,October,2019
644,winter,0,Monday,1,Mist + Cloudy,17.049153,70.8333,9.457854,781,2729,3510,October,2019
645,winter,1,Tuesday,0,Mist + Cloudy,15.716653,70.9583,12.708493,874,4604,5478,October,2019
646,winter,0,Wednesday,1,Mist + Cloudy,18.313347,76.1667,12.7501,601,5791,6392,October,2019
647,winter,0,Thursday,1,Clear,21.080847,63.0833,12.584007,780,6911,7691,October,2019
648,winter,0,Friday,1,Clear,17.835,46.3333,12.166932,834,6736,7570,October,2019
649,winter,0,Saturday,0,Clear,17.9375,53.9167,15.751164,1060,6222,7282,October,2019
650,winter,0,Sunday,0,Clear,16.126653,49.4583,9.791514,2252,4857,7109,October,2019
651,winter,0,Monday,1,Clear,21.388347,64.0417,18.667004,2080,4559,6639,October,2019
652,winter,0,Tuesday,1,Mist + Cloudy,23.028347,70.75,19.834479,760,5115,5875,October,2019
653,winter,0,Wednesday,1,Clear,19.201653,55.8333,12.208807,922,6612,7534,October,2019
654,winter,0,Thursday,1,Clear,18.689153,69.2917,6.791857,979,6482,7461,October,2019
655,winter,0,Friday,1,Mist + Cloudy,21.4225,72.8333,15.874779,1008,6501,7509,October,2019
656,winter,0,Saturday,0,Mist + Cloudy,23.096653,81.5,9.041918,753,4671,5424,October,2019
657,winter,0,Sunday,0,Clear,19.850847,57.2917,7.874979,2806,5284,8090,October,2019
658,winter,0,Monday,1,Clear,19.030847,51.0,11.125618,2132,4692,6824,October,2019
659,winter,0,Tuesday,1,Clear,19.9875,56.8333,5.4593811,830,6228,7058,October,2019
660,winter,0,Wednesday,1,Clear,22.310847,64.1667,6.3345686,841,6625,7466,October,2019
661,winter,0,Thursday,1,Clear,24.0875,63.625,4.8762064,795,6898,7693,October,2019
662,winter,0,Friday,1,Mist + Cloudy,22.55,80.0417,8.333125,875,6484,7359,October,2019
663,winter,0,Saturday,0,Mist + Cloudy,22.379153,80.7083,8.875289,1182,6262,7444,October,2019
664,winter,0,Sunday,0,Mist + Cloudy,21.73,72.0,15.791364,2643,5209,7852,October,2019
665,winter,0,Monday,1,Mist + Cloudy,19.5775,69.4583,26.666536,998,3461,4459,October,2019
666,winter,0,Tuesday,1,Light Snow,18.04,88.0,23.9994,2,20,22,October,2019
667,winter,0,Wednesday,1,Mist + Cloudy,13.045462,82.5455,14.271603,87,1009,1096,October,2019
668,winter,0,Thursday,1,Mist + Cloudy,14.6575,66.6667,11.166689,419,5147,5566,October,2019
669,winter,0,Friday,1,Mist + Cloudy,14.999153,58.1667,10.542182,466,5520,5986,November,2019
670,winter,0,Saturday,0,Clear,14.555,52.2083,17.833725,618,5229,5847,November,2019
671,winter,0,Sunday,0,Mist + Cloudy,14.076653,49.125,18.125443,1029,4109,5138,November,2019
672,winter,0,Monday,1,Clear,13.359153,53.2917,12.000236,1201,3906,5107,November,2019
673,winter,0,Tuesday,1,Clear,13.085847,49.4167,15.833775,378,4881,5259,November,2019
674,winter,0,Wednesday,1,Clear,11.514153,56.7083,11.625371,466,5220,5686,November,2019
675,winter,0,Thursday,1,Mist + Cloudy,12.129153,54.75,20.375236,326,4709,5035,November,2019
676,winter,0,Friday,1,Clear,14.439134,33.3478,23.304945,340,4975,5315,November,2019
677,winter,0,Saturday,0,Clear,14.828347,54.0833,14.375386,709,5283,5992,November,2019
678,winter,0,Sunday,0,Clear,15.955847,64.5417,3.8756686,2090,4446,6536,November,2019
679,winter,0,Monday,1,Clear,17.254153,65.9167,8.5425,2290,4562,6852,November,2019
680,winter,1,Tuesday,0,Clear,19.885,74.1667,11.625639,1097,5172,6269,November,2019
681,winter,0,Wednesday,1,Mist + Cloudy,14.076653,66.2917,22.917082,327,3767,4094,November,2019
682,winter,0,Thursday,1,Clear,11.855847,55.2083,13.374875,373,5122,5495,November,2019
683,winter,0,Friday,1,Mist + Cloudy,13.188347,62.0417,10.250129,320,5125,5445,November,2019
684,winter,0,Saturday,0,Clear,14.145,52.4583,11.458675,484,5214,5698,November,2019
685,winter,0,Sunday,0,Clear,13.325,54.5417,12.041843,1313,4316,5629,November,2019
686,winter,0,Monday,1,Clear,14.0425,69.2917,15.250004,922,3747,4669,November,2019
687,winter,0,Tuesday,1,Mist + Cloudy,15.614153,62.3333,15.749489,449,5050,5499,November,2019
688,winter,0,Wednesday,1,Mist + Cloudy,15.340847,68.5,5.542575,534,5100,5634,November,2019
689,winter,0,Thursday,1,Clear,14.486653,61.375,6.917482,615,4531,5146,November,2019
690,winter,1,Friday,0,Clear,13.94,58.0417,3.5423436,955,1470,2425,November,2019
691,winter,0,Saturday,0,Clear,15.101653,56.875,9.917407,1603,2307,3910,November,2019
692,winter,0,Sunday,0,Clear,11.411653,40.4583,25.250357,532,1745,2277,November,2019
693,winter,0,Monday,1,Clear,10.079153,46.8333,10.0835,309,2115,2424,November,2019
694,winter,0,Tuesday,1,Clear,12.846653,53.5417,3.12555,337,4750,5087,November,2019
695,winter,0,Wednesday,1,Mist + Cloudy,11.958347,78.6667,15.916654,123,3836,3959,November,2019
696,winter,0,Thursday,1,Clear,12.163347,50.625,14.125007,198,5062,5260,November,2019
697,winter,0,Friday,1,Clear,11.51567,55.5652,7.739974,243,5080,5323,November,2019
698,winter,0,Saturday,0,Clear,12.231653,64.9583,3.9175436,362,5306,5668,November,2019
699,winter,0,Sunday,0,Mist + Cloudy,12.231653,80.6667,4.0001814,951,4240,5191,December,2019
700,winter,0,Monday,1,Mist + Cloudy,14.2475,82.3333,8.333393,892,3757,4649,December,2019
701,winter,0,Tuesday,1,Clear,18.5525,76.75,5.5422936,555,5679,6234,December,2019
702,winter,0,Wednesday,1,Clear,19.509153,73.375,11.666643,551,6055,6606,December,2019
703,winter,0,Thursday,1,Clear,17.971653,48.5,21.709407,331,5398,5729,December,2019
704,winter,0,Friday,1,Clear,10.489153,50.875,11.708518,340,5035,5375,December,2019
705,winter,0,Saturday,0,Mist + Cloudy,13.154153,76.4167,8.7502,349,4659,5008,December,2019
706,winter,0,Sunday,0,Mist + Cloudy,15.648347,91.125,6.792393,1153,4429,5582,December,2019
707,winter,0,Monday,1,Mist + Cloudy,15.750847,90.5417,10.584325,441,2787,3228,December,2019
708,winter,0,Tuesday,1,Mist + Cloudy,17.869153,92.5,12.750636,329,4841,5170,December,2019
709,winter,0,Wednesday,1,Mist + Cloudy,14.486653,59.6667,19.834479,282,5219,5501,December,2019
710,winter,0,Thursday,1,Mist + Cloudy,12.1975,53.8333,10.916779,310,5009,5319,December,2019
711,winter,0,Friday,1,Clear,12.129153,48.5833,11.666643,425,5107,5532,December,2019
712,winter,0,Saturday,0,Clear,11.548347,64.2917,8.792343,429,5182,5611,December,2019
713,winter,0,Sunday,0,Clear,13.290847,65.0417,7.12545,767,4280,5047,December,2019
714,winter,0,Monday,1,Mist + Cloudy,14.8625,83.875,6.749714,538,3248,3786,December,2019
715,winter,0,Tuesday,1,Mist + Cloudy,16.126653,90.7083,6.5833061,212,4373,4585,December,2019
716,winter,0,Wednesday,1,Clear,16.844153,66.625,14.834068,433,5124,5557,December,2019
717,winter,0,Thursday,1,Clear,13.6325,62.5417,12.334164,333,4934,5267,December,2019
718,winter,0,Friday,1,Mist + Cloudy,13.53,66.7917,8.875021,314,3814,4128,December,2019
719,spring,0,Saturday,0,Mist + Cloudy,13.393347,55.6667,25.083661,221,3402,3623,December,2019
720,spring,0,Sunday,0,Clear,10.899153,44.125,27.292182,205,1544,1749,December,2019
721,spring,0,Monday,1,Clear,10.079153,51.5417,8.916561,408,1379,1787,December,2019
722,spring,0,Tuesday,1,Mist + Cloudy,9.483464,79.1304,5.1744368,174,746,920,December,2019
723,spring,1,Wednesday,0,Mist + Cloudy,11.943464,73.4783,11.304642,440,573,1013,December,2019
724,spring,0,Thursday,1,Light Snow,9.976653,82.3333,21.208582,9,432,441,December,2019
725,spring,0,Friday,1,Mist + Cloudy,10.420847,65.2917,23.458911,247,1867,2114,December,2019
726,spring,0,Saturday,0,Mist + Cloudy,10.386653,59.0,10.416557,644,2451,3095,December,2019
727,spring,0,Sunday,0,Mist + Cloudy,10.386653,75.2917,8.333661,159,1182,1341,December,2019
728,spring,0,Monday,1,Clear,10.489153,48.3333,23.500518,364,1432,1796,December,2019
729,spring,0,Tuesday,1,Mist + Cloudy,8.849153,57.75,10.374682,439,2290,2729,December,2019
